{"count":1,"self":194.7667328,"total":195.093786,"children":{"InitializeActuators":{"count":2,"self":0.0028729999999999997,"total":0.0028729999999999997,"children":null},"InitializeSensors":{"count":2,"self":0.0068109999999999993,"total":0.0068109999999999993,"children":null},"AgentSendState":{"count":1014,"self":0.050253,"total":0.14538099999999998,"children":{"UpdateModelSpacePoses":{"count":406,"self":0.0096569999999999989,"total":0.0096569999999999989,"children":null},"UpdateLocalSpacePoses":{"count":406,"self":0.005938,"total":0.005938,"children":null},"CollectObservations":{"count":406,"self":0.0049419999999999993,"total":0.0049419999999999993,"children":null},"WriteActionMask":{"count":406,"self":0.005123,"total":0.005123,"children":null},"RequestDecision":{"count":406,"self":0.024794999999999998,"total":0.069468,"children":{"RayPerceptionSensor.Perceive":{"count":406,"self":0.044673,"total":0.044673,"children":null}}}}},"DecideAction":{"count":1014,"self":0.027035999999999998,"total":0.027035999999999998,"children":null},"AgentAct":{"count":1014,"self":0.14490899999999998,"total":0.14490899999999998,"children":null}},"gauges":{},"metadata":{"timer_format_version":"0.1.0","start_time_seconds":"1617205547","unity_version":"2019.4.21f1","command_line_arguments":"\/home\/sebastian\/Unity\/Hub\/Editor\/2019.4.21f1\/Editor\/Unity -projectpath \/home\/sebastian\/Unity\/Projects\/Ohjelmointipaja -useHub -hubIPC -cloudEnvironment production -hubSessionId b2f90400-91ee-11eb-9cae-b36ac7b8a041 -accessToken _ueViVEpcOGxFjp_XqO9oFZuHoAG_1A_jd0YSCsE0cM005f","communication_protocol_version":"1.5.0","com.unity.ml-agents_version":"1.9.0-preview","scene_name":"CharacterThirdPersonAI","end_time_seconds":"1617205742"}}